PSC-5135,MOLEX,69008-1090,PSC-1363,1/9/2021,1/9/2020
PSC-5024,MOLEX,63811-0200,PSC-1382,1/9/2021,1/9/2020
PSC-5284,AMP,90418-1,PSC-1364,1/9/2021,1/9/2020
PSC-5310,MOLEX,69008-0290,PSC-1369,1/9/2021,1/9/2020
PSC-5336,AMP,58082-1,PSC-1370,1/9/2021,1/9/2020
PSC-5337,AMP,58059-1,PSC-1371,1/9/2021,1/9/2020
PSC-5339,AMP,58246-1,PSC-1372,1/9/2021,1/9/2020
PSC-5340,AMP,58246-1,PSC-1373,1/9/2021,1/9/2020
PSC-5341,AMP,58246-1,PSC-1375,1/9/2021,1/9/2020
PSC-5342,AMP,58063-1,PSC-1376,1/9/2021,1/9/2020
PSC-5343,AMP,58063-1,PSC-1377,1/9/2021,1/9/2020
PSC-5345,AMP,58063-1,PSC-1378,1/9/2021,1/9/2020
PSC-5367,MOLEX,63811-0200,PSC-1383,1/9/2021,1/9/2020
PSC-5411,SOURIAU,Y16SCMCL3,PSC-1365,1/9/2021,1/9/2020
PSC-5413,AMP,58442-1,PSC-1366,1/9/2021,1/9/2020
PSC-5416,AMP,58442-1,PSC-1367,1/9/2021,1/9/2020
PSC-5417,AMP,58062-1,PSC-1379,1/9/2021,1/9/2020
PSC-5431,AMP,2-231652-0,PSC-1368,1/9/2021,1/9/2020
PSC-5453,AMP,58246-1,PSC-1380,1/9/2021,1/9/2020
PSC-5458,AMP,58074-1,PSC-1381,1/9/2021,1/9/2020
PSC-5030,MOLEX,63900-5200,PSC-1384,1/9/2021,1/9/2020
